"Country Name","Country Code","Indicator Name","Indicator Code",Attribute,2000,2001,2002,2003,2004,2005,2006,2007,2008,2009,2010,2011,2012,2013,2014,2015,2016,2017,2018,"Base Year",
"North Macedonia, Republic of","962","Net Primary Income from Abroad, Nominal, Domestic Currency","NGDPNPI_XDC","Value","-4611992000","-1850745120","-2945401550","-3258186000","-1744190650","-5382675480","-1341598500","-17408873120","-5015379080","-2948724540","-5782849920","-8701471020","-8416607430","-13031835466.8828","-9866119397.17951",,,,,"",
"Papua New Guinea","853","Net Primary Income from Abroad, Nominal, Domestic Currency","NGDPNPI_XDC","Value","-391400000","-408100000","-414900000","-424400000","-435100000",,,,,,,,,,,,,,,"",
"India","534","Net Primary Income from Abroad, Nominal, Domestic Currency","NGDPNPI_XDC","Value","-227330000000","-200680000000","-166900000000","-207080000000","-223750000000","-261160000000","-332340000000","-205120000000","-329230000000","-380000000000","-818070000000","-768240000000","-1167660000000","-1398840000000","-1474300000000","-1597799999999.99","-1896000000000",,,"",
"Lebanon","446","Net Primary Income from Abroad, Nominal, Domestic Currency","NGDPNPI_XDC","Value","739000000000","178000000000","-386000000000","-681000000000","-531000000000","787000000000","567000000000","636000000000","406000000000","1287000000000",,,,,,,,,,"",
"Tanzania, United Rep. of","738","Net Primary Income from Abroad, Nominal, Domestic Currency","NGDPNPI_XDC","Value","-66699000000","-38939000000","-1383173000000","-3045726000000","-4910258000000","-180000000","36379300961.6775","64753776165.0708","33762675887.7943","98198425862.8226","106469801217.297","131946663340.965","-15808341035.3176","-137570187287.254","-197509854609.468",,,,,"",
"Brazil","223","Net Primary Income from Abroad, Nominal, Domestic Currency","NGDPNPI_XDC","Value","-34531640000","-42720250000","-49945980000","-54518120000","-57839200000","-62744380000","-60293580000","-57780670000","-76253540000","-73751760000","-120034680000","-112459740000","-120130140000","-74083750000","-107686990000","-112822280000","-133006330000","-123115920000","-194790520000","",
"South Africa","199","Net Primary Income from Abroad, Nominal, Domestic Currency","NGDPNPI_XDC","Value","-21717000000","-32806000000",,,,,,,,,,,,,,,,,,"",
"Sweden","144","Net Primary Income from Abroad, Nominal, Domestic Currency","NGDPNPI_XDC","Value","2620822000000","2655451000000","2658820000000","2743232000000","2695678000000","2974949000000","3221822000000","3874601000000","3988173000000","3451545000000","3602671000000","3916872000000","3961650000000","3977912000000","4127409000000","4180281000000","4357137000000","4576927000000","4890205000000","",
"Chile","228","Net Primary Income from Abroad, Nominal, Domestic Currency","NGDPNPI_XDC","Value","-1476216539300","-1490943807100","-1862743345500","-3181370619200","-4958253657400","-5956776824200","-9957073786800","-10116977155300","-7303703214500","-6596948603000","-7869339647200","-7380223009600","-6130624983600","-5974726190600","-5164171530000","-4739299523000","-4598772875000","-7374597438000","-7846329758000","",
"Moldova, Rep. of","921","Net Primary Income from Abroad, Nominal, Domestic Currency","NGDPNPI_XDC","Value","794257056.799998","1432203000","2248881000","3218591000","4382066000","5088391000","5271539000","4980109000","6175991000","3403798000","5998857000","6630342000","10200667000","10887842000","11667706000","8660465000","9227580999.99999",,,"",
"Congo, Rep. of","634","Net Primary Income from Abroad, Nominal, Domestic Currency","NGDPNPI_XDC","Value","-573800000","-497500000","-464000000","-340600000","-588200000","-832400000","-916400000","-835000000","-1378800000",,,,,,,,,,,"",
"Senegal","722","Net Primary Income from Abroad, Nominal, Domestic Currency","NGDPNPI_XDC","Value","123230000","277530000","328360000","238570000","214160000","369330000","291420000","518660000","704520000","589880000","536870000","-190396000",,,,,,,,"",
"Kazakhstan, Rep. of","916","Net Primary Income from Abroad, Nominal, Domestic Currency","NGDPNPI_XDC","Value","-162361000000","-167259400000","-173105400000","-261019400000","-388064800000","-713088200000","-1191912500000","-1587888900000","-2324933400000","-1861486200000","-2854394100000","-4064891800000","-4195987500000","-3828600300000",,,,,,"",
"Tunisia","744","Net Primary Income from Abroad, Nominal, Domestic Currency","NGDPNPI_XDC","Value","-1292300000","-1353300000","-1391100000","-1375500000","-1586200000","-2157300000","-2104700000","-2591600000","-3071800000","-2865300000","-2959300000","-3041400000","-2974600000","-3348900000","-2872500000","-2613800000",,,,"",
"Ethiopia, The Federal Dem. Rep. of","644","Net Primary Income from Abroad, Nominal, Domestic Currency","NGDPNPI_XDC","Value","-203961600","-280699000","-209368480","-230803000","-334502650","107260000","237832000","415090960","430775060","-34385010","-366076000","-1120000000","-1660000000","-1943000000","-2915000000","-5275100000","-5352000000",,,"",
"Honduras","268","Net Primary Income from Abroad, Nominal, Domestic Currency","NGDPNPI_XDC","Value","-3305400000","-3999500000","-4905200000","-6361900000","-8288700000","-8605900000","-10060900000","-7558200000","-7695400000","-5457300000","-13772000000","-17811900000","-24993500000","-26535500000","-27951300000","-30524200000",,,,"",
"Central African Rep.","626","Net Primary Income from Abroad, Nominal, Domestic Currency","NGDPNPI_XDC","Value","-9100000000","-6300000000","-6300000000","-6361000000","-3300000000",,,,,,,,,,,,,,,"",
"St. Vincent and the Grenadines","364","Net Primary Income from Abroad, Nominal, Domestic Currency","NGDPNPI_XDC","Value","-51770000","-44505000","-47527660","-64349100","-79879373","-79926026","-69384106","-59416963","-61674690","-35130561","-33153124","-34944406","-10311765","283497","-1019230",,,,,"",
"Zimbabwe","698","Net Primary Income from Abroad, Nominal, Domestic Currency","NGDPNPI_XDC","Value","-11300000","-11900000","-8900000","-7100000",,,,,,"-1265000000","-1427000000","-2000000000","-2214000000","-1878000000","-1852000000","-1982000000","-1776000000","-1961000000",,"",
"Anguilla","312","Net Primary Income from Abroad, Nominal, Domestic Currency","NGDPNPI_XDC","Value","-24814000","-20274000","-17290750","-16061450","2087135","10727467","21071383","4532249","-22439879","-17477515","7279145","-902422","-5872118","-11419724","-11962709",,,,,"",
"Norway","142","Net Primary Income from Abroad, Nominal, Domestic Currency","NGDPNPI_XDC","Value","1394313000000","1479933000000","1504309000000","1533288000000","1552449000000","1796563000000","1941331000000","2178887000000","2484494000000","2192764000000","2269053000000","2438040000000","2641869000000","2824141000000","2947020000000","3040582000000","3019205000000","3186222000000","3397334000000","",
"Morocco","686","Net Primary Income from Abroad, Nominal, Domestic Currency","NGDPNPI_XDC","Value","-8114586881.4336","-8284115095.24298","-7180027632.43391","-6625452814.54123","-5070461133.34017","-2428753838.788","-3332901568.00383","-2317000000","-1522000000","-10327000000","-10808000000","-13833000000","-17119000000","-12243000000","-21680000000","-18900000000","-18520000000",,,"",
"Yemen, Rep. of","474","Net Primary Income from Abroad, Nominal, Domestic Currency","NGDPNPI_XDC","Value","-114397000000","-105773000000","-131929000000","-175709000000","-235531000000","-295555000000","-229593000000","-254067500000","-360982900000","-219391700000","-376175000000","-476930700000","-259107450998.817","-324080600000",,,,,,"",
"Sierra Leone","724","Net Primary Income from Abroad, Nominal, Domestic Currency","NGDPNPI_XDC","Value","-165955000000",,,,,,,,,,,,,,,,,,,"",
"Panama","283","Net Primary Income from Abroad, Nominal, Domestic Currency","NGDPNPI_XDC","Value","-838600000","-910100000","-565700000","-969700000","-1268900000","-1436500000","-1546000000","-1741200000","-2035600000","-1821600000","-2226600000","-2401300000","-3016200000",,,,,,,"",
"Rwanda","714","Net Primary Income from Abroad, Nominal, Domestic Currency","NGDPNPI_XDC","Value","-6000000000","-10000000000","-9000000000","-16000000000","-19000000000","-15000000000","-16000000000","-9000000000","-19000000000","-21000000000","-25000000000","-34000000000","-59000000000","-88000000000","-122000000000","-144000000000","-166000000000",,,"",
"Belize","339","Net Primary Income from Abroad, Nominal, Domestic Currency","NGDPNPI_XDC","Value","-128312255.292029","-163406370.362388","-165818193.655002","-193038940.832206","-248521152.053128","-245444900.937543","-263973382.406879","-30383052.6473099","-27541509.3254896","-28078778.7223504","-29088988.100727","-35417276.6263423","-281803732.828433","-281937419.652574","-321870674.196179",,,,,"",
"St. Lucia","362","Net Primary Income from Abroad, Nominal, Domestic Currency","NGDPNPI_XDC","Value","-120420000","-126857000","-98068904","-137259294","-186273953","-195776810","-147129985","-183536227","-194059173","-121931011","-106832259","-53590290","-95306201","-68693878","-56906591",,,,,"",
"Guyana","336","Net Primary Income from Abroad, Nominal, Domestic Currency","NGDPNPI_XDC","Value","8022000000","9612000000","10485000000","8325000000","6320000000","4088000000","8792400000","7228020000","2984834619.86249","3417334479.08205","-2600705114.72549","1895202900","-4889000000","5874000000","5518000000","-5094000000",,,,"",
"Thailand","578","Net Primary Income from Abroad, Nominal, Domestic Currency","NGDPNPI_XDC","Value","-76874000","-85069000","-88632000","-111028000000","-126197000000","-173256000000","-316810000000","-311204000000","-357015000000","-352513000000","-434961000000","-378611630000","-529547000000","-799242000000","-651195000000","-576122000000","-716286000000",,,"",
"Grenada","328","Net Primary Income from Abroad, Nominal, Domestic Currency","NGDPNPI_XDC","Value","-91120000","-111900000","-128510900","-136330000","-176022120","-76361778","-77989080","-110948699","-115321614","-170219364","-107669609","-85786294","-92562153","-79916191","-58379585",,,,,"",
"Belarus, Rep. of","913","Net Primary Income from Abroad, Nominal, Domestic Currency","NGDPNPI_XDC","Value","-3770000","-6010000","-5400000","5150000","-4020000","11950000","-24610000","-88200000","-168320000","-311060000","-346290000","-339520000","-1225840000","-2355180000","-2417330000","-3810540000","-4477300000","-3972200000","-4421300000","",
"Czech Rep.","935","Net Primary Income from Abroad, Nominal, Domestic Currency","NGDPNPI_XDC","Value","1606233000000","1705270000000","1717632000000","1828252000000","1993664000000","2107140000000","2297614000000","2480748000000","2612655000000","2478732000000","2557092000000","2681378000000","2780717000000","2815355000000","2915163000000","3071811000000","3227092000000","3434436000000","3724468000000","",
"Vanuatu","846","Net Primary Income from Abroad, Nominal, Domestic Currency","NGDPNPI_XDC","Value","-1784000000","-669000000","-1604000000","-1852000000","-2086000000","-2047000000","-2800000000","-2671000000","-4075000000","-3178000000","-2498000000","-1357000000","-1832000000","-2157000000","-3076000000",,,,,"",
"Seychelles","718","Net Primary Income from Abroad, Nominal, Domestic Currency","NGDPNPI_XDC","Value","-151500000",,,,,,,,,,,,,,,,,,,"",
"Japan","158","Net Primary Income from Abroad, Nominal, Domestic Currency","NGDPNPI_XDC","Value","7524100000000","7971100000000","7313100000000","8139100000000","9789500000000","11362200000000","13798800000000","15962500000000","13644000000000","11964800000000","12925000000000","13920000000000","13257900000000","16892000000000","18493800000000","20409900000000","18021400000000","19458900000000","19950400000000","",
"Korea, Rep. of","542","Net Primary Income from Abroad, Nominal, Domestic Currency","NGDPNPI_XDC","Value","-4360200000000","-4784900000000","-2912500000000","-2921800000000","-1574500000000","-6762300000000","-2936800000000","-2762900000000","293200000000","-1867900000000","1975700000000","8597600000000","15058900000000","9565800000000","7564400000000","5186200000000","6363900000000","7482600000000","4955700000000","",
"Armenia, Rep. of","911","Net Primary Income from Abroad, Nominal, Domestic Currency","NGDPNPI_XDC","Value","-12611700000","-1475500000","-6561000000","-17788800000","57302200000","60652300000","89518200000","95232300000","144169300000","60300800000","126532600000","208056100000","253779900000","279592900000","225072300000","211676700000","107735400000","196644600000",,"",
"Nicaragua","278","Net Primary Income from Abroad, Nominal, Domestic Currency","NGDPNPI_XDC","Value","-2559705990.06151","-3230747471.12315","-2810360405.25921","-2994088429.31894","-3061557881.5161","-2510001581.11364","-4635100087.59427","-4120496593.2956","-4332215189.97861","-5187323397.50911","-5175279014.65313","-5695937077.15081","-6858875752.38453",,,,,,,"",
"Tonga","866","Net Primary Income from Abroad, Nominal, Domestic Currency","NGDPNPI_XDC","Value","4257000","1321156.5","7411000","4063429.76","6116948.82446384","-169888.702144624","10399083.8916016","14376877.25","14255591.15","13357723.16","7634411.77","16422878.27","23342842.07",,,,,,,"",
"Montserrat","351","Net Primary Income from Abroad, Nominal, Domestic Currency","NGDPNPI_XDC","Value","-7270000","-1741000","-8260051","-3261310","-9208787","-7602710","-5162609","-10106247","-12009320","-9756114","-10275450","-9576473","-7940614","-5479628","-5695680",,,,,"",
"Zambia","754","Net Primary Income from Abroad, Nominal, Domestic Currency","NGDPNPI_XDC","Value","-511441882.375229","-504291688.279975","-628131853.664681","-684487666.67438","-1673314787.86667","-2697873374.04167","-4209190077.98","-6182158646.49627","-5237710424.99611",,,,,,,,,,,"",
"Antigua and Barbuda","311","Net Primary Income from Abroad, Nominal, Domestic Currency","NGDPNPI_XDC","Value","-120201000","-66928000","-111906142","-104479956","-121730361","-113508646","-126206983","-142202033","-164926949","-137214792","-85021415","-106571697","-137942653","-83466740","-106190478",,,,,"",
"Romania","968","Net Primary Income from Abroad, Nominal, Domestic Currency","NGDPNPI_XDC","Value","55077000000","81079000000","92244000000","117049000000","146078000000","177827000000","213837000000","246891000000","320760000000","307735000000","318000000000","314047000000","320667000000","346536000000","372182000000","387278000000","421236000000","475173000000","539043000000","",
"Paraguay","288","Net Primary Income from Abroad, Nominal, Domestic Currency","NGDPNPI_XDC","Value","380700000000","164200000000","629400000000","725400000000",,,,,,,,,,,,,,,,"",
"Bahrain, Kingdom of","419","Net Primary Income from Abroad, Nominal, Domestic Currency","NGDPNPI_XDC","Value","-84099999.9999995","-120900000","-197400000","-185400000","-216200000","-155400000","-145100000","-112300000","-347300000","-902300000","-892300000","-1415500000","-1442800000","-1611600000",,,,,,"",
"Saudi Arabia","456","Net Primary Income from Abroad, Nominal, Domestic Currency","NGDPNPI_XDC","Value","3435000000","6650000000","4879000000","2778000000","8004000000","1619000000","14362000000","23971000000","34369000000","32399000000","26416000000","36316000000","41207304687.5","40374225000","61843896875","54825102700","58975414570.6472","44296572710.1133",,"",
"Myanmar","518","Net Primary Income from Abroad, Nominal, Domestic Currency","NGDPNPI_XDC","Value","-118200000","-204600000","-22000000","-15700000","-91200000","-3800000","273000000","453300000","349100000","-222100000","-223400000","-7029600000",,,,,,,,"",
"Iran, Islamic Rep. of","429","Net Primary Income from Abroad, Nominal, Domestic Currency","NGDPNPI_XDC","Value","277547800","1455071500","-15932016100","-21772142370","-26932991000","-28332614000","-25742403000","-28347105000","-23212000000","-33823071000","-32555433000","490383929.031585","51601589477.7185","67832855084.6349","34364888902.7742","28863378083.1128",,,,"",
"Oman","449","Net Primary Income from Abroad, Nominal, Domestic Currency","NGDPNPI_XDC","Value","-322000000","-360000000","-371000000","-208000000","-150000000","-393000000","-1367500000","-1766500000","-3114100000","-3231100000","3637100000","-4433600000","-4957400000","-4785000000","-5506200000",,,,,"",
"Burundi","618","Net Primary Income from Abroad, Nominal, Domestic Currency","NGDPNPI_XDC","Value","-8698000000","-11545000000","-10906000000","-18778000000","-34286000000","-26052900000","-9078100000","-6368900000","-5103600000","-20887700000","-13375700000","-22055200000","-9384400000","2775100000","-10489100000","-3706700000",,,,"",
"Georgia","915","Net Primary Income from Abroad, Nominal, Domestic Currency","NGDPNPI_XDC","Value","231870114.642192","67328704.0702434","73147386.2107326","67188512.9706912","180556514.534749","170778282.26937","312538704.426098","66687927.9384028","-256818386.908322","-196465690.675936","-640607863.645189","-712277271.815402","-241692113.167513","-506662860.484365","-267947834.173774","-870722028.115287","-1687669385.01974","-2052763055.49991","-1867681413.42893","",
"Guatemala","258","Net Primary Income from Abroad, Nominal, Domestic Currency","NGDPNPI_XDC","Value","-1751416300","-920825369.331607","-2533291682.62292","-2592418181.05386","-2688876951.11465","-2567913445.51274","-2413411484.9309","-6484812295.28386","-7104566671.97414","-9108731461.35441","-9784783457.11832","-12884936018.3909","-12945321420.7035",,,,,,,"",
"Vietnam","582","Net Primary Income from Abroad, Nominal, Domestic Currency","NGDPNPI_XDC","Value","-6327000000","-6440000000","-8706000000","-9755000000","-13401000000","-16779000000","-22810000000","-34963000000","-48083000000","-77928000000","-82250000000","-119804000000","-130192000000","-153594000000","-187033000000","-215253000000",,,,"",
"Timor-Leste, Dem. Rep. of","537","Net Primary Income from Abroad, Nominal, Domestic Currency","NGDPNPI_XDC","Value","145000000","153000000","288000000","169000000","-417000000","-1017000000","-1553000000","-985000000","-1235000000","-833000000","-972000000","-1365000000","-2514000000","-1732000000","-2658000000",,,,,"",
"El Salvador","253","Net Primary Income from Abroad, Nominal, Domestic Currency","NGDPNPI_XDC","Value","-253097142.857143","-265702857.142857","-323400000","-423100000","-457900000","-490300000","-437500000","-456250000","-389050000","-555970000","-538210000","-618240000","-870560000","-990200000","-1035440000","-1092660000","-1229420000","-1387620881.2541","-1471770359.75043","",
"Malawi","676","Net Primary Income from Abroad, Nominal, Domestic Currency","NGDPNPI_XDC","Value","-1110300000","-2302700000","-2794100000","-8601430639.56429","-10989837302.0257","-9478266015.88114","-9937343333.29526","-11077732419","-20813839203.9","-17246847798.4","-28666166892.6","-16703376373.18","-27616053862.7141","-39491715436.5838",,,,,,"",
"Chad","628","Net Primary Income from Abroad, Nominal, Domestic Currency","NGDPNPI_XDC","Value","2000000000",,,,,,,,,,,,,,,,,,,"",
"Jordan","439","Net Primary Income from Abroad, Nominal, Domestic Currency","NGDPNPI_XDC","Value","94000000","135600000","84700000","124900000","229600000","289700000","411700000","572300000",,,,,,,,,,,,"",
"West Bank and Gaza","487","Net Primary Income from Abroad, Nominal, Domestic Currency","NGDPNPI_XDC","Value","669200000","326100000","223600000","252900000","232000000","88500000","113600000","168000000","173800000","46100000","21700000","749500000","857500000","1160400000","1482700000","1712300000","1896200000","1991900000",,"",
"Malaysia","548","Net Primary Income from Abroad, Nominal, Domestic Currency","NGDPNPI_XDC","Value","-28909000000","-25623000000","-25061000000","-22537000000","-24402000000","-23942000000","-17294000000","-13984000000","-23034000000","-14215000000",,,,,,,,,,"",
"Nigeria","694","Net Primary Income from Abroad, Nominal, Domestic Currency","NGDPNPI_XDC","Value","-362410000000","-346996370000","-385930020000","-427312320000","-461437490000",,,,,,,,,,,,,,,"",
"Bangladesh","513","Net Primary Income from Abroad, Nominal, Domestic Currency","NGDPNPI_XDC","Value","87140","88410","125430","165830","175530","189280","272075","352755","483895","559012","646035","725135","893020","964291","895494","984021",,,,"",
"Sri Lanka","524","Net Primary Income from Abroad, Nominal, Domestic Currency","NGDPNPI_XDC","Value","-23082588000","-23829631200","-24043000000","-16535000000","-20732000000","-30049000000","-40424000000","-39054000000","-105032000000","-55795000000","-69776000000","-72041000000","-154889210000","-226086200000","-236668778000","-251287701000",,,,"",
"Israel","436","Net Primary Income from Abroad, Nominal, Domestic Currency","NGDPNPI_XDC","Value","-33666000000","-22873000000","-20924000000","-20907000000","-17734000000","-5550000000","-2743000000","-981000000","-15111000000","-19472000000","-16231000000","-12609000000","-25542000000","-21478000000","-6720000000","-10032000000","-11124000000","-12844000000","691000000","",
"Colombia","233","Net Primary Income from Abroad, Nominal, Domestic Currency","NGDPNPI_XDC","Value","-1447593000","-844912000","-276029000","-1255081000","-4741587000","-8492000000000","-10028000000000","-12995000000000","-16467550000000","-15409000000000","-19912490000000","-26471000000000","-25380000000000","-25060000000000","-22668000000000","-11382000000000","-9353000000000","-16970000000000",,"",
"Togo","742","Net Primary Income from Abroad, Nominal, Domestic Currency","NGDPNPI_XDC","Value","-17700000000",,,,,,,,,,,,,,,,,,,"",
"Philippines","566","Net Primary Income from Abroad, Nominal, Domestic Currency","NGDPNPI_XDC","Value","616161805419.591","705159469498.2","780811788700.47","823003317771.124","913389678562.252","1053781498374.57","1114927775220.38","1175445224257.01","1342214958344.55","1712089975420.19","1848951758489.73","1920972209625.21","2166150715160.92","2480579778076.88","2676778741991.59","2792365132738.71","2950393605986.27","3200314421175.37",,"",
"Namibia","728","Net Primary Income from Abroad, Nominal, Domestic Currency","NGDPNPI_XDC","Value","230000000","-10000000","-2165940547.079","-1731896993.8286","-5295325654.1852",,,"-1144065019.0101","-1345297166.1207","-1423866870.95711","-3233591088.19061","-2416832013.9895","-4246683504.89099","1216523760.573","5774988891.58499",,,,,"",
"Iceland","176","Net Primary Income from Abroad, Nominal, Domestic Currency","NGDPNPI_XDC","Value","740269000000","905564000000","885319000000","968075000000","1094362000000","1481753000000","1948047000000","2203787000000","2437193000000","2143681000000","1977439000000","2069501000000","2356413000000","2429572000000","2326424000000",,,,,"",
"Bulgaria","918","Net Primary Income from Abroad, Nominal, Domestic Currency","NGDPNPI_XDC","Value","17796000000","20966000000","20949000000","22827000000","25766000000","28790000000","32310000000","38417000000","46321000000","44355000000","47993000000","50154000000","53674000000","57184000000","55586000000","59415000000","65349000000","75191000000",,"",
"Indonesia","536","Net Primary Income from Abroad, Nominal, Domestic Currency","NGDPNPI_XDC","Value","-92161800000","-61051200000","-54513100000","-77413900000","-105350112640","-135000486600","-142268908660","-162484685000","-175865177000","-196219545050","-182770855642.288","-216892693032.048","-243192953174.455","-285326217525.883","-354393135266.012","-378322027510.156","-420088240000",,,"",
"St. Kitts and Nevis","361","Net Primary Income from Abroad, Nominal, Domestic Currency","NGDPNPI_XDC","Value","-81290000","-93380000","-102770170","-118145143","-105034400","-94873500","-87317485","-83550100","-92173675","-91533381","-78670049","-80043258","-64068788","-60877232","-74802862",,,,,"",
"Trinidad and Tobago","369","Net Primary Income from Abroad, Nominal, Domestic Currency","NGDPNPI_XDC","Value","-3950100000","-3350300000","-3030000000","-4294100000","-2491700000","-4762000000","-5877700000","-6072100000","-5652000000",,,,,,,,,,,"",
"Singapore","576","Net Primary Income from Abroad, Nominal, Domestic Currency","NGDPNPI_XDC","Value","-1012600000","-1674700000","-4608300000","-5859100000","-13591300000","-14023100000","-8338900000","-8556600000","-12267600000","-12969000000","-1834500000","-9255100000","-13290300000","-12478400000","-10024400000","-18155900000","-13119200000",,,"",
"Botswana","616","Net Primary Income from Abroad, Nominal, Domestic Currency","NGDPNPI_XDC","Value","-1502500000","-1700600000",,,,,,,,,,,,,,,,,,"",
"Kenya","664","Net Primary Income from Abroad, Nominal, Domestic Currency","NGDPNPI_XDC","Value","-10139700800","-9523670000","-11274584000","-6728094000","-10016981849.0842","-8194122219.08423","-5053000000","-9706000000","-3127000000","-2926020000","-12493000000",,,,,,,,,"",
"Dominica","321","Net Primary Income from Abroad, Nominal, Domestic Currency","NGDPNPI_XDC","Value","-106160000","-67789000","-75412040","-72943685","-89999248.8","-78244680","-40511654","-52960140","-49507403","-36865929","-25491219","-28479027","-49291222","-52834656","-55047664",,,,,"",
"Congo, Dem. Rep. of the","636","Net Primary Income from Abroad, Nominal, Domestic Currency","NGDPNPI_XDC","Value","-8753200000000","-112581479691917","-108742984303333","-72408883100000","-150614578808182",,,,,,,,,,,,,,,"",
"Hungary","944","Net Primary Income from Abroad, Nominal, Domestic Currency","NGDPNPI_XDC","Value","10922077000000","12190257000000","13270235000000","14971803000000","17468024000000","18274955000000","20564276000000","22986410000000","24745148000000","25405168000000","25325936000000","25286232000000","27204762000000","27913565000000","27301839000000","27977047000000","31464334000000","31533408000000","33873043000000","",
"Eswatini, Kingdom of","734","Net Primary Income from Abroad, Nominal, Domestic Currency","NGDPNPI_XDC","Value","574700000","291500000","47900000","-83900000",,,,,,,,,,,,,,,,"",
"Bolivia","218","Net Primary Income from Abroad, Nominal, Domestic Currency","NGDPNPI_XDC","Value","-1393655000","-1394887000","-1471403501.7","-2314815460.00001","-3058177115.3194","-2399437369.48632","-3941557297.18279","-1677895446.246","-3917825567.48953","-4763847141.84274","-6079355168.39239","-6887594599.1335","-14269129996.4281",,,,,,,"",
"Argentina","213","Net Primary Income from Abroad, Nominal, Domestic Currency","NGDPNPI_XDC","Value","-7547770368.62146","-7726740702.30913","-22561633295.59","-23081015533.438","-26086939918.3679","-18028525741.2733","-15842528078","-16383877446.4379","-11411331216.5113","35224750000","39582250000","44688750000","45995000000","57909590604.3457","-87131441519.3614","-103533206147.11",,,,"",
"Libya","672","Net Primary Income from Abroad, Nominal, Domestic Currency","NGDPNPI_XDC","Value","-341000000","-445000000","-672000000",,,,,,,,,,,,,,,,,"",
"Nepal","558","Net Primary Income from Abroad, Nominal, Domestic Currency","NGDPNPI_XDC","Value","13125000000","1701000000","-604900000","-675700000","-1683900000","1636500000","4955500000","7431800000","7946800000","11749500000","9117400000","7549400000","12291400000","13078840000","32751700000","34242500000","34004302274.3041","30995072345.8801","22614940647.7868","",
"Barbados","316","Net Primary Income from Abroad, Nominal, Domestic Currency","NGDPNPI_XDC","Value",,"4000000",,,,,,,,,,,,,,,,,,"",
"Pakistan","564","Net Primary Income from Abroad, Nominal, Domestic Currency","NGDPNPI_XDC","Value","-47960000000","-54480000000","23670000000","151810000000","124480000000","134470000000","149900000000","157630000000","208916000000","346281000000","566247000000","820225000000","1035707000000","1161607000000","1428227000000","1674811000000","1868679000000",,,"",
"Kuwait","443","Net Primary Income from Abroad, Nominal, Domestic Currency","NGDPNPI_XDC","Value","2055000000","1503800000","1017200000","1001500000","1528900000","2097100000","3182300000","3522700000","2887900000","2700000000","2700000000","2481000000","3554000000","3450000000",,,,,,"",
"China, P.R.: Mainland","924","Net Primary Income from Abroad, Nominal, Domestic Currency","NGDPNPI_XDC","Value","-151071977134.1","-197400445958","-181178427926.199","-173837201054.5","-132671922898.1","-319153339442.102","-217800424554.199","-85536473423","156462096389.902","-138482779764.598","55697498447.5","-128460038610.5","-187236135524.195","-654045369906.297","-239060937343.398","-260250000000","-298680000000","-229330000000",,"",
"Poland, Rep. of","964","Net Primary Income from Abroad, Nominal, Domestic Currency","NGDPNPI_XDC","Value","533179000000","554540000000","557013000000","548931000000","595482000000","642660000000","680266000000","767196000000","875003000000","869136000000","930076000000","996044000000","1045599000000","1045689000000","1056387000000","1069814000000","1135718000000","1201849000000","1304819000000","",
"Russian Federation","922","Net Primary Income from Abroad, Nominal, Domestic Currency","NGDPNPI_XDC","Value","-189092900000","-123643300000","-206685600000","-401437100000","-368230500000","-539005100000","-796484400000","-783555400000","-1210402900000","-1261096400000","-1477848300000","-1768812000000","-2105512300000","-2546530200000","-2537545900000","-2155759800000",,"-2299282800000",,"",
"Bahamas, The","313","Net Primary Income from Abroad, Nominal, Domestic Currency","NGDPNPI_XDC","Value","-110600000","-127900000","-134500000","-96200000","-78000000","-130000000","-125100000","-146684934.646667","-59343822.86","-140320284.177","-207540000","-188120000","-222450000","-293300000","-370800000","-432850000",,,,"",
"Venezuela, Rep. Bolivariana de","299","Net Primary Income from Abroad, Nominal, Domestic Currency","NGDPNPI_XDC","Value","-947500000","-1576881000","-3382290000","-3483525000","-6735280000","-4730066000","-2306327000","4292498000","148097000","-6410668000","-13268287000","-36405071000","-47434676000","-78445766000","-29446033000","-181039960000","-257099413000",,,"",
"Algeria","612","Net Primary Income from Abroad, Nominal, Domestic Currency","NGDPNPI_XDC","Value","-175240300000","-123190100000","-174668830067.462","-189977609000","-253259900000","-336127400000","-321273200000","-123511000000","-83602800000","-88193000000","-6097300000","-127078800000","-168930100000","-298159800000","-361101400000","-387086000000","-119105900000","-236149800000",,"",
"Bhutan","514","Net Primary Income from Abroad, Nominal, Domestic Currency","NGDPNPI_XDC","Value","-22279897.74","-11190931.3250002","-390964664.87","-642580094.340494","-724054036.538244","-510186578.657927","-161096273.573676","-659800000","-1415310000","-2143140000","-4022680000","-5316030000","-7594320000","-6792690000","-8238390000",,,,,"",
"United Arab Emirates","466","Net Primary Income from Abroad, Nominal, Domestic Currency","NGDPNPI_XDC","Value",,"19772000000","3382999999.99998","-199999999.999989","2599999999.99997","10600000000","17400000000",,,,,,,,,,,,,"",
"Mongolia","948","Net Primary Income from Abroad, Nominal, Domestic Currency","NGDPNPI_XDC","Value","-5597466333.33317","-2205007726.82647","-4996394999.99979","-13185238750.0003","-13105641235.5662","-62420247985.0957","-50331288006.2358","-114163029555.358","-201986087042.292","-281572005411.112","1017319900000","1688760900000","1880609195951.83","2250070860825.34","2189565558476.8","1979031617172.99","2100076419316.01",,,"",
"Costa Rica","238","Net Primary Income from Abroad, Nominal, Domestic Currency","NGDPNPI_XDC","Value","-212097199220","-241120494020","-273896779860","-317304695690","-344653804720","-359954692610","-338804885510","-359534676820","-312696878860","-581340910280","-635529218180","-728241782500","-744585451240","-927473859700","-1155764866390","-1290984506410","-1351947267020","-1681501784450","-1922403808010","",
"Jamaica","343","Net Primary Income from Abroad, Nominal, Domestic Currency","NGDPNPI_XDC","Value","-14793200000","-20065797294.0229","-29914538755.4867","-32348950168.7084","-35642086360.6254","-42146814002.6756","-40428453535.122","-45477434068.8466","-41023207334.4836","-58731719602.1839","-43121318656.9439","-44536197943.3989","-19777543036.4378","-36633171752.8323","-40597486212.5453","-45862598759.7718",,,,"",
"Suriname","366","Net Primary Income from Abroad, Nominal, Domestic Currency","NGDPNPI_XDC","Value","-63300000","-232200000","-101900000","-127500000","-164700000","-49600000","-144000000","22000000","58000000","15000000","-285000000",,,,,,,,,"",
"Burkina Faso","748","Net Primary Income from Abroad, Nominal, Domestic Currency","NGDPNPI_XDC","Value","-14280000000","-17903000000","-14729000000","-21479000000","-16222000000","-22573000000","-1175000000","-1124000000","-1414000000","-35559000000","-116521000000","-186479000000","-112117000000",,,,,,,"",
"Uruguay","298","Net Primary Income from Abroad, Nominal, Domestic Currency","NGDPNPI_XDC","Value","-801000000","-907000000","1648000000","-13838000000","-16961000000","-12236000000","-10512000000","-12160000000","-18997000000","-23429000000","-30139000000","-31482000000","-31172000000","-38268000000","-46892000000","-40848560000","-38855980000",,,"",
"Kyrgyz Rep.","917","Net Primary Income from Abroad, Nominal, Domestic Currency","NGDPNPI_XDC","Value","-3847500000","-3139400000","-2825100000","-2616700000","-4210100000","-3320200000","-1393500000","-1985500000","-3710300000","-8187500000","-15701400000","-24541000000","-7951100000","-20069500000",,,,,,"",
"Lesotho, Kingdom of","666","Net Primary Income from Abroad, Nominal, Domestic Currency","NGDPNPI_XDC","Value","3228637594.86291","3173693978.99341","3663554164.8356","3759873382.96732","3701978443.63466","3147908789.94537","2992029624.79466","2980212782.26109","3301199997.09658","3383932529.91901","3062846998.63271","4624034428.46075","4378442711.25066","3628770575.70897",,,,,,"",
"Mauritius","684","Net Primary Income from Abroad, Nominal, Domestic Currency","NGDPNPI_XDC","Value","-520000000","-499000000","-587000000","-1840000000","-868000000","-1180000000","-861000000","5579000000","2073000000","-1333000000","3602800000","2382480000","3667700000","261700000","-9087300000","28627172385.8032","30218878849.1945","36907855205.2715",,"",
"Fiji, Rep. of","819","Net Primary Income from Abroad, Nominal, Domestic Currency","NGDPNPI_XDC","Value","120000000","166000000","191600000","183100000","136700000","246800000",,,,,,,,,,,,,,"",
"China, P.R.: Hong Kong","532","Net Primary Income from Abroad, Nominal, Domestic Currency","NGDPNPI_XDC","Value","11444000000","31668000000","9780000000","33764000000","28606000000","7863000000","36155000000","53365000000","100802000000","50269000000","38710000000","54404000000","31321000000","42815000000","49236000000","47259000000","65829000000","118968000000","138809000000","",
"Ukraine","926","Net Primary Income from Abroad, Nominal, Domestic Currency","NGDPNPI_XDC","Value","-5128000000","-3580000000","-3225000000","-3097000000","-3427000000","-5041000000","-8694000000","-3325000000","-8700000000","-19039000000","-6062000000","-21824000000","-18555000000","-24928000000","-18143000000","8312000000","37703000000","68354000000","81626000000","",
"Dominican Rep.","243","Net Primary Income from Abroad, Nominal, Domestic Currency","NGDPNPI_XDC","Value","-17079431175","-18465767200","-21376448166.6667","-42456546081.9444","-76024090720.2376","-57390433415.6698","-60572799625.1114","-83661940855.7228","-73387881754.3034","-74262633604.8791","-73171957282.8398","-88327367095.5354","-96546688388.409","-126281250043.996",,,,,,"",
"China, P.R.: Macao","546","Net Primary Income from Abroad, Nominal, Domestic Currency","NGDPNPI_XDC","Value",,,,,,"-5585000000","-10576000000","1005000000","-15847000000","-14882000000","-23604000000","-38795000000","-49703000000","-63718000000","-61599000000","-27305000000","-27646000000","-30800000000",,"",
"New Zealand","196","Net Primary Income from Abroad, Nominal, Domestic Currency","NGDPNPI_XDC","Value","-6775000000","-6808000000","-6512000000","-6810000000","-6866000000","-8707000000","-10528000000","-11550000000","-13315000000","-13744000000","-7965000000","-10108000000","-9656000000","-9052000000","-9176000000","-9781000000","-8569000000","-8669000000","-10640000000","",
"San Marino, Rep. of","135","Net Primary Income from Abroad, Nominal, Domestic Currency","NGDPNPI_XDC","Value","-178310000","-229130000","-206280000",,,,,,,,,,,,,,,,,"",
"Mexico","273","Net Primary Income from Abroad, Nominal, Domestic Currency","NGDPNPI_XDC","Value","-136095082000","-124336369000","-123443072000","-139809784000","-131438794000","-199642776000","-163372076000","-193483818000","-174254871000","-204268907000","-158967439000","-232885784000","-305595448000","-473544359000","-405260416000","-458158240000","-530207048000","-540012525000",,"",
"Australia","193","Net Primary Income from Abroad, Nominal, Domestic Currency","NGDPNPI_XDC","Value","-19432000000","-20289000000","-21564000000","-23387000000","-30101000000","-36993000000","-43340000000","-49282000000","-44571000000","-48120000000","-53974000000","-53631000000","-39895000000","-40473000000","-36436000000","-39204000000","-37617000000","-52716000000",,"",
"Switzerland","146","Net Primary Income from Abroad, Nominal, Domestic Currency","NGDPNPI_XDC","Value","559060000000","538902000000","508553000000","510585000000","525607000000","586615000000","621474000000","675286000000","640788000000","633162000000","677588000000","648818000000","682102000000","686980000000","727684000000","723200000000","729871000000","765692000000","767501000000","",
"Croatia, Rep. of","960","Net Primary Income from Abroad, Nominal, Domestic Currency","NGDPNPI_XDC","Value",,,"167144000000","184089000000","197442000000","208723000000","227066000000","255436000000","276881000000","275076000000","264754000000","264368000000","257727000000","258871000000","258405000000","262273000000","268371000000",,,"",
"Cyprus","423","Net Primary Income from Abroad, Nominal, Domestic Currency","NGDPNPI_XDC","Value","10353000000","11665000000","10922000000","12000000000","13763000000","15481000000","17346000000","20099000000","27349000000","28295000000","30060000000","32578000000","29709000000","27900000000","28572000000","41183000000","26115000000","36433000000","34685000000","",
"Lithuania","946","Net Primary Income from Abroad, Nominal, Domestic Currency","NGDPNPI_XDC","Value","9874000000","10384000000","11313000000","12004000000","14366000000","15876000000","19048000000","21318000000","25122000000","21508000000","21629000000","23135000000","24227000000","24525000000","25209000000","27101000000","29144000000","30583000000","32516000000","",
"Belgium","124","Net Primary Income from Abroad, Nominal, Domestic Currency","NGDPNPI_XDC","Value","277287000000","290615000000","283426000000","280947000000","292510000000","314606000000","349051000000","390344000000","416196000000","372430000000","378036000000","385408000000","395248000000","392772000000","397180000000","395553000000","398797000000","406378000000","421660000000","",
"Spain","184","Net Primary Income from Abroad, Nominal, Domestic Currency","NGDPNPI_XDC","Value","534950000000","582470000000","597775000000","620115000000","662197000000","732718000000","832486000000","947958000000","1002185000000","864744000000","872322000000","881653000000","837301000000","814712000000","808535000000","811758000000","829663000000","851724000000","883256000000","",
"Slovenia, Rep. of","961","Net Primary Income from Abroad, Nominal, Domestic Currency","NGDPNPI_XDC","Value","14835000000","16709000000","18471000000","19899000000","20873000000","22177000000","23673000000","26645000000","29671000000","27705000000","28064000000","28299000000","27194000000","26891000000","27331000000","27772000000","28921000000","30505000000","32561000000","",
"Finland","172","Net Primary Income from Abroad, Nominal, Domestic Currency","NGDPNPI_XDC","Value","116005000000","122665000000","122026000000","122366000000","128937000000","133547000000","146807000000","164772000000","175342000000","156406000000","156868000000","167234000000","171942000000","169314000000","172850000000","173843000000","178368000000","180406000000","187347000000","",
"Denmark","128","Net Primary Income from Abroad, Nominal, Domestic Currency","NGDPNPI_XDC","Value","1373427000000","1443095000000","1439641000000","1478054000000","1567546000000","1668406000000","1841548000000","1964609000000","2094535000000","1936635000000","1836621000000","1907254000000","1848790000000","1937820000000","2001426000000","2043874000000","2110998000000","2132158000000","2190288000000","",
"Luxembourg","137","Net Primary Income from Abroad, Nominal, Domestic Currency","NGDPNPI_XDC","Value","88435000000","102489000000","84464000000","84665000000","91948000000","119790000000","145956000000","191762000000","185048000000","126730000000","135157000000","178862000000","211536000000","239207000000","224116000000","239820000000","240316000000","245698000000","257952000000","",
"Greece","174","Net Primary Income from Abroad, Nominal, Domestic Currency","NGDPNPI_XDC","Value","101562000000","96745000000","103265000000","106223000000","111832000000","118613000000","129678000000","152490000000","163644000000","147593000000","144639000000","142456000000","134169000000","115149000000","112810000000","114670000000","110686000000","110081000000","111748000000","",
"Latvia","941","Net Primary Income from Abroad, Nominal, Domestic Currency","NGDPNPI_XDC","Value","4891000000","5322000000","5792000000","6674000000","7738000000","9869000000","12685000000","17453000000","19681000000","16094000000","13744000000","14149000000","15249000000","16005000000","16762000000","17706000000","18883000000","20336000000","22498000000","",
"Serbia, Rep. of","942","Net Primary Income from Abroad, Nominal, Domestic Currency","NGDPNPI_XDC","Value",,,,,,"1368909000000","1606721000000","1922542000000","2193676000000","2275509000000","2344864000000","2567202000000","2791753000000","2894536000000",,,"3029683000000","3152897000000",,"",
"Netherlands, The","138","Net Primary Income from Abroad, Nominal, Domestic Currency","NGDPNPI_XDC","Value","531810000000","535601000000","532044000000","532305000000","568672000000","612892000000","678030000000","776948000000","780469000000","714539000000","775692000000","809234000000","786478000000","809177000000","847210000000","825598000000","836632000000","851023000000","893694000000","",
"Italy","136","Net Primary Income from Abroad, Nominal, Domestic Currency","NGDPNPI_XDC","Value","1039428000000","1099952000000","1116950000000","1119408000000","1169392000000","1242884000000","1324074000000","1409124000000","1442580000000","1280031000000","1255888000000","1304353000000","1305157000000","1263537000000","1259942000000","1246426000000","1266743000000","1289505000000","1320993000000","",
"Estonia, Rep. of","939","Net Primary Income from Abroad, Nominal, Domestic Currency","NGDPNPI_XDC","Value","4187000000","4781000000","5225000000","5851000000","6874000000","8476000000","11040000000","13216000000","14239000000","11312000000","10820000000","12962000000","13022000000","13607000000","14553000000","15386000000","16938000000","17822000000","18895000000","",
"Ireland","178","Net Primary Income from Abroad, Nominal, Domestic Currency","NGDPNPI_XDC","Value","96163000000","105140000000","114535000000","118621000000","130111000000","151229000000","189279000000","224592000000","227001000000","165603000000","163534000000","163719000000","189087000000","187738000000","196732000000","203961000000","226369000000","238542000000","257562000000","",
"France","132","Net Primary Income from Abroad, Nominal, Domestic Currency","NGDPNPI_XDC","Value","1486084000000","1598433000000","1608872000000","1630834000000","1692774000000","1790580000000","1951716000000","2136772000000","2243723000000","2053314000000","2019066000000","2114802000000","2102964000000","2075493000000","2103587000000","2146738000000","2153151000000","2186998000000","2255900000000","",
"Turkey","186","Net Primary Income from Abroad, Nominal, Domestic Currency","NGDPNPI_XDC","Value",,,,,,,,,,"684815000000","791740000000","958297000000","1082054000000","1294581000000","1512874000000","1767758000000","1995070000000","2383202000000",,"",
"Portugal","182","Net Primary Income from Abroad, Nominal, Domestic Currency","NGDPNPI_XDC","Value","115745000000","123160000000","125763000000","127757000000","131910000000","140708000000","153783000000","169169000000","178516000000","156715000000","163748000000","162632000000","154855000000","151621000000","147297000000","146124000000","147758000000","151614000000","158952000000","",
"Austria","122","Net Primary Income from Abroad, Nominal, Domestic Currency","NGDPNPI_XDC","Value","206216000000","209817000000","209331000000","210121000000","220038000000","235573000000","259628000000","283011000000","293016000000","270857000000","266691000000","280426000000","285189000000","270633000000","279224000000","274533000000","290414000000","294180000000","314782000000","",
"Slovak Rep.","936","Net Primary Income from Abroad, Nominal, Domestic Currency","NGDPNPI_XDC","Value","23705000000","23672000000","24924000000","26826000000","29922000000","32433000000","35260000000","39637000000","43083000000","41125000000","42335000000","43761000000","44155000000","44785000000","46111000000","47683000000","49479000000","53711000000","56001000000","",
"United Kingdom","112","Net Primary Income from Abroad, Nominal, Domestic Currency","NGDPNPI_XDC","Value","1201301000000","1232746000000","1222731000000","1276160000000","1394336000000","1537684000000","1730079000000","1944922000000","1980600000000","1592743000000","1601997000000","1663658000000","1657268000000","1697065000000","1749703000000","1781066000000","1812191000000","1903381000000","2024879000000","",
"Germany","134","Net Primary Income from Abroad, Nominal, Domestic Currency","NGDPNPI_XDC","Value","2148036000000","2243291000000","2178724000000","2178161000000","2199166000000","2235032000000","2360765000000","2513559000000","2540159000000","2423602000000","2421474000000","2551541000000","2577922000000","2561834000000","2602329000000","2668373000000","2745800000000","2827862000000","2928949000000","",
"United States","111","Net Primary Income from Abroad, Nominal, Domestic Currency","NGDPNPI_XDC","Value","35024500000","48749500000","45243250000","58359750000","78184500000","77955750000","50449250000","109024000000","154608000000","141937500000","195720250000","236378500000","232300750000","230732750000","241062500000","224625750000","218167500000","243296000000","267900500000","",
